{
    "variable": [
        {
            "id": "baseUrl",
            "key": "baseUrl",
            "type": "string",
            "name": "string",
            "value": "http:\/\/localhost"
        }
    ],
    "info": {
        "name": "Laravel",
        "_postman_id": "edd15882-84e9-4b6c-bf18-6bd9cb624791",
        "description": "",
        "schema": "https:\/\/schema.getpostman.com\/json\/collection\/v2.1.0\/collection.json"
    },
    "item": [
        {
            "name": "Endpoints",
            "description": "",
            "item": [
                {
                    "name": "Display a listing of the resource.",
                    "request": {
                        "url": {
                            "host": "{{baseUrl}}",
                            "path": "api\/contacts",
                            "query": [],
                            "raw": "{{baseUrl}}\/api\/contacts"
                        },
                        "method": "GET",
                        "header": [
                            {
                                "key": "Content-Type",
                                "value": "application\/json"
                            },
                            {
                                "key": "Accept",
                                "value": "application\/json"
                            }
                        ],
                        "body": null,
                        "description": "",
                        "auth": {
                            "type": "noauth"
                        }
                    },
                    "response": [
                        {
                            "header": [
                                {
                                    "key": "cache-control",
                                    "value": "no-cache, private"
                                },
                                {
                                    "key": "content-type",
                                    "value": "application\/json"
                                },
                                {
                                    "key": "x-ratelimit-limit",
                                    "value": "60"
                                },
                                {
                                    "key": "x-ratelimit-remaining",
                                    "value": "59"
                                },
                                {
                                    "key": "access-control-allow-origin",
                                    "value": "*"
                                }
                            ],
                            "code": 200,
                            "body": "[{\"id\":1,\"email\":\"user2@mail.com\",\"firstname\":\"Kedua\",\"lastname\":\"Two\",\"gender\":\"male\",\"address\":\"Jalan 0\\\/2\",\"phone\":\"1234567890\",\"created_at\":\"2022-02-27T14:21:58.000000Z\",\"updated_at\":\"2022-02-27T14:21:58.000000Z\"}]",
                            "name": ""
                        }
                    ]
                },
                {
                    "name": "Store a newly created resource in storage.",
                    "request": {
                        "url": {
                            "host": "{{baseUrl}}",
                            "path": "api\/contacts",
                            "query": [],
                            "raw": "{{baseUrl}}\/api\/contacts"
                        },
                        "method": "POST",
                        "header": [
                            {
                                "key": "Content-Type",
                                "value": "application\/json"
                            },
                            {
                                "key": "Accept",
                                "value": "application\/json"
                            }
                        ],
                        "body": null,
                        "description": "",
                        "auth": {
                            "type": "noauth"
                        }
                    },
                    "response": []
                },
                {
                    "name": "Display the specified resource.",
                    "request": {
                        "url": {
                            "host": "{{baseUrl}}",
                            "path": "api\/contacts\/:id",
                            "query": [],
                            "raw": "{{baseUrl}}\/api\/contacts\/:id",
                            "variable": [
                                {
                                    "id": "id",
                                    "key": "id",
                                    "value": "9",
                                    "description": "The ID of the contact."
                                }
                            ]
                        },
                        "method": "GET",
                        "header": [
                            {
                                "key": "Content-Type",
                                "value": "application\/json"
                            },
                            {
                                "key": "Accept",
                                "value": "application\/json"
                            }
                        ],
                        "body": null,
                        "description": "",
                        "auth": {
                            "type": "noauth"
                        }
                    },
                    "response": [
                        {
                            "header": [
                                {
                                    "key": "cache-control",
                                    "value": "no-cache, private"
                                },
                                {
                                    "key": "content-type",
                                    "value": "application\/json"
                                },
                                {
                                    "key": "x-ratelimit-limit",
                                    "value": "60"
                                },
                                {
                                    "key": "x-ratelimit-remaining",
                                    "value": "58"
                                },
                                {
                                    "key": "access-control-allow-origin",
                                    "value": "*"
                                }
                            ],
                            "code": 200,
                            "body": "{\"id\":1,\"email\":\"user2@mail.com\",\"firstname\":\"Kedua\",\"lastname\":\"Two\",\"gender\":\"male\",\"address\":\"Jalan 0\\\/2\",\"phone\":\"1234567890\",\"created_at\":\"2022-02-27T14:21:58.000000Z\",\"updated_at\":\"2022-02-27T14:21:58.000000Z\"}",
                            "name": ""
                        }
                    ]
                },
                {
                    "name": "Update the specified resource in storage.",
                    "request": {
                        "url": {
                            "host": "{{baseUrl}}",
                            "path": "api\/contacts\/:id",
                            "query": [],
                            "raw": "{{baseUrl}}\/api\/contacts\/:id",
                            "variable": [
                                {
                                    "id": "id",
                                    "key": "id",
                                    "value": "16",
                                    "description": "The ID of the contact."
                                }
                            ]
                        },
                        "method": "PUT",
                        "header": [
                            {
                                "key": "Content-Type",
                                "value": "application\/json"
                            },
                            {
                                "key": "Accept",
                                "value": "application\/json"
                            }
                        ],
                        "body": null,
                        "description": "",
                        "auth": {
                            "type": "noauth"
                        }
                    },
                    "response": []
                },
                {
                    "name": "Remove the specified resource from storage.",
                    "request": {
                        "url": {
                            "host": "{{baseUrl}}",
                            "path": "api\/contacts\/:id",
                            "query": [],
                            "raw": "{{baseUrl}}\/api\/contacts\/:id",
                            "variable": [
                                {
                                    "id": "id",
                                    "key": "id",
                                    "value": "5",
                                    "description": "The ID of the contact."
                                }
                            ]
                        },
                        "method": "DELETE",
                        "header": [
                            {
                                "key": "Content-Type",
                                "value": "application\/json"
                            },
                            {
                                "key": "Accept",
                                "value": "application\/json"
                            }
                        ],
                        "body": null,
                        "description": "",
                        "auth": {
                            "type": "noauth"
                        }
                    },
                    "response": []
                },
                {
                    "name": "api\/user",
                    "request": {
                        "url": {
                            "host": "{{baseUrl}}",
                            "path": "api\/user",
                            "query": [],
                            "raw": "{{baseUrl}}\/api\/user"
                        },
                        "method": "GET",
                        "header": [
                            {
                                "key": "Content-Type",
                                "value": "application\/json"
                            },
                            {
                                "key": "Accept",
                                "value": "application\/json"
                            }
                        ],
                        "body": null,
                        "description": "",
                        "auth": {
                            "type": "noauth"
                        }
                    },
                    "response": [
                        {
                            "header": [
                                {
                                    "key": "cache-control",
                                    "value": "no-cache, private"
                                },
                                {
                                    "key": "content-type",
                                    "value": "application\/json"
                                },
                                {
                                    "key": "access-control-allow-origin",
                                    "value": "*"
                                }
                            ],
                            "code": 401,
                            "body": "{\"message\":\"Unauthenticated.\"}",
                            "name": ""
                        }
                    ]
                },
                {
                    "name": "Search for a specific contact information.",
                    "request": {
                        "url": {
                            "host": "{{baseUrl}}",
                            "path": "api\/contacts\/get-contact",
                            "query": [],
                            "raw": "{{baseUrl}}\/api\/contacts\/get-contact"
                        },
                        "method": "POST",
                        "header": [
                            {
                                "key": "Content-Type",
                                "value": "application\/json"
                            },
                            {
                                "key": "Accept",
                                "value": "application\/json"
                            }
                        ],
                        "body": null,
                        "description": "",
                        "auth": {
                            "type": "noauth"
                        }
                    },
                    "response": []
                },
                {
                    "name": "Search for a specific contact information.",
                    "request": {
                        "url": {
                            "host": "{{baseUrl}}",
                            "path": "api\/contacts\/search\/:parameter",
                            "query": [],
                            "raw": "{{baseUrl}}\/api\/contacts\/search\/:parameter",
                            "variable": [
                                {
                                    "id": "parameter",
                                    "key": "parameter",
                                    "value": "est",
                                    "description": ""
                                }
                            ]
                        },
                        "method": "GET",
                        "header": [
                            {
                                "key": "Content-Type",
                                "value": "application\/json"
                            },
                            {
                                "key": "Accept",
                                "value": "application\/json"
                            }
                        ],
                        "body": null,
                        "description": "",
                        "auth": {
                            "type": "noauth"
                        }
                    },
                    "response": [
                        {
                            "header": [
                                {
                                    "key": "cache-control",
                                    "value": "no-cache, private"
                                },
                                {
                                    "key": "content-type",
                                    "value": "application\/json"
                                },
                                {
                                    "key": "x-ratelimit-limit",
                                    "value": "60"
                                },
                                {
                                    "key": "x-ratelimit-remaining",
                                    "value": "57"
                                },
                                {
                                    "key": "access-control-allow-origin",
                                    "value": "*"
                                }
                            ],
                            "code": 500,
                            "body": "{\n    \"message\": \"Undefined array key 1\",\n    \"exception\": \"ErrorException\",\n    \"file\": \"C:\\\\Users\\\\Ungo\\\\Sites\\\\laravel\\\\app\\\\Http\\\\Controllers\\\\ContactController.php\",\n    \"line\": 85,\n    \"trace\": [\n        {\n            \"file\": \"C:\\\\Users\\\\Ungo\\\\Sites\\\\laravel\\\\app\\\\Http\\\\Controllers\\\\ContactController.php\",\n            \"line\": 85,\n            \"function\": \"handleError\",\n            \"class\": \"Illuminate\\\\Foundation\\\\Bootstrap\\\\HandleExceptions\",\n            \"type\": \"->\"\n        },\n        {\n            \"file\": \"C:\\\\Users\\\\Ungo\\\\Sites\\\\laravel\\\\vendor\\\\laravel\\\\framework\\\\src\\\\Illuminate\\\\Routing\\\\Controller.php\",\n            \"line\": 54,\n            \"function\": \"search\",\n            \"class\": \"App\\\\Http\\\\Controllers\\\\ContactController\",\n            \"type\": \"->\"\n        },\n        {\n            \"file\": \"C:\\\\Users\\\\Ungo\\\\Sites\\\\laravel\\\\vendor\\\\laravel\\\\framework\\\\src\\\\Illuminate\\\\Routing\\\\ControllerDispatcher.php\",\n            \"line\": 45,\n            \"function\": \"callAction\",\n            \"class\": \"Illuminate\\\\Routing\\\\Controller\",\n            \"type\": \"->\"\n        },\n        {\n            \"file\": \"C:\\\\Users\\\\Ungo\\\\Sites\\\\laravel\\\\vendor\\\\laravel\\\\framework\\\\src\\\\Illuminate\\\\Routing\\\\Route.php\",\n            \"line\": 262,\n            \"function\": \"dispatch\",\n            \"class\": \"Illuminate\\\\Routing\\\\ControllerDispatcher\",\n            \"type\": \"->\"\n        },\n        {\n            \"file\": \"C:\\\\Users\\\\Ungo\\\\Sites\\\\laravel\\\\vendor\\\\laravel\\\\framework\\\\src\\\\Illuminate\\\\Routing\\\\Route.php\",\n            \"line\": 205,\n            \"function\": \"runController\",\n            \"class\": \"Illuminate\\\\Routing\\\\Route\",\n            \"type\": \"->\"\n        },\n        {\n            \"file\": \"C:\\\\Users\\\\Ungo\\\\Sites\\\\laravel\\\\vendor\\\\laravel\\\\framework\\\\src\\\\Illuminate\\\\Routing\\\\Router.php\",\n            \"line\": 721,\n            \"function\": \"run\",\n            \"class\": \"Illuminate\\\\Routing\\\\Route\",\n            \"type\": \"->\"\n        },\n        {\n            \"file\": \"C:\\\\Users\\\\Ungo\\\\Sites\\\\laravel\\\\vendor\\\\laravel\\\\framework\\\\src\\\\Illuminate\\\\Pipeline\\\\Pipeline.php\",\n            \"line\": 128,\n            \"function\": \"Illuminate\\\\Routing\\\\{closure}\",\n            \"class\": \"Illuminate\\\\Routing\\\\Router\",\n            \"type\": \"->\"\n        },\n        {\n            \"file\": \"C:\\\\Users\\\\Ungo\\\\Sites\\\\laravel\\\\vendor\\\\laravel\\\\framework\\\\src\\\\Illuminate\\\\Routing\\\\Middleware\\\\SubstituteBindings.php\",\n            \"line\": 50,\n            \"function\": \"Illuminate\\\\Pipeline\\\\{closure}\",\n            \"class\": \"Illuminate\\\\Pipeline\\\\Pipeline\",\n            \"type\": \"->\"\n        },\n        {\n            \"file\": \"C:\\\\Users\\\\Ungo\\\\Sites\\\\laravel\\\\vendor\\\\laravel\\\\framework\\\\src\\\\Illuminate\\\\Pipeline\\\\Pipeline.php\",\n            \"line\": 167,\n            \"function\": \"handle\",\n            \"class\": \"Illuminate\\\\Routing\\\\Middleware\\\\SubstituteBindings\",\n            \"type\": \"->\"\n        },\n        {\n            \"file\": \"C:\\\\Users\\\\Ungo\\\\Sites\\\\laravel\\\\vendor\\\\laravel\\\\framework\\\\src\\\\Illuminate\\\\Routing\\\\Middleware\\\\ThrottleRequests.php\",\n            \"line\": 127,\n            \"function\": \"Illuminate\\\\Pipeline\\\\{closure}\",\n            \"class\": \"Illuminate\\\\Pipeline\\\\Pipeline\",\n            \"type\": \"->\"\n        },\n        {\n            \"file\": \"C:\\\\Users\\\\Ungo\\\\Sites\\\\laravel\\\\vendor\\\\laravel\\\\framework\\\\src\\\\Illuminate\\\\Routing\\\\Middleware\\\\ThrottleRequests.php\",\n            \"line\": 103,\n            \"function\": \"handleRequest\",\n            \"class\": \"Illuminate\\\\Routing\\\\Middleware\\\\ThrottleRequests\",\n            \"type\": \"->\"\n        },\n        {\n            \"file\": \"C:\\\\Users\\\\Ungo\\\\Sites\\\\laravel\\\\vendor\\\\laravel\\\\framework\\\\src\\\\Illuminate\\\\Routing\\\\Middleware\\\\ThrottleRequests.php\",\n            \"line\": 55,\n            \"function\": \"handleRequestUsingNamedLimiter\",\n            \"class\": \"Illuminate\\\\Routing\\\\Middleware\\\\ThrottleRequests\",\n            \"type\": \"->\"\n        },\n        {\n            \"file\": \"C:\\\\Users\\\\Ungo\\\\Sites\\\\laravel\\\\vendor\\\\laravel\\\\framework\\\\src\\\\Illuminate\\\\Pipeline\\\\Pipeline.php\",\n            \"line\": 167,\n            \"function\": \"handle\",\n            \"class\": \"Illuminate\\\\Routing\\\\Middleware\\\\ThrottleRequests\",\n            \"type\": \"->\"\n        },\n        {\n            \"file\": \"C:\\\\Users\\\\Ungo\\\\Sites\\\\laravel\\\\vendor\\\\laravel\\\\framework\\\\src\\\\Illuminate\\\\Pipeline\\\\Pipeline.php\",\n            \"line\": 103,\n            \"function\": \"Illuminate\\\\Pipeline\\\\{closure}\",\n            \"class\": \"Illuminate\\\\Pipeline\\\\Pipeline\",\n            \"type\": \"->\"\n        },\n        {\n            \"file\": \"C:\\\\Users\\\\Ungo\\\\Sites\\\\laravel\\\\vendor\\\\laravel\\\\framework\\\\src\\\\Illuminate\\\\Routing\\\\Router.php\",\n            \"line\": 723,\n            \"function\": \"then\",\n            \"class\": \"Illuminate\\\\Pipeline\\\\Pipeline\",\n            \"type\": \"->\"\n        },\n        {\n            \"file\": \"C:\\\\Users\\\\Ungo\\\\Sites\\\\laravel\\\\vendor\\\\laravel\\\\framework\\\\src\\\\Illuminate\\\\Routing\\\\Router.php\",\n            \"line\": 698,\n            \"function\": \"runRouteWithinStack\",\n            \"class\": \"Illuminate\\\\Routing\\\\Router\",\n            \"type\": \"->\"\n        },\n        {\n            \"file\": \"C:\\\\Users\\\\Ungo\\\\Sites\\\\laravel\\\\vendor\\\\laravel\\\\framework\\\\src\\\\Illuminate\\\\Routing\\\\Router.php\",\n            \"line\": 662,\n            \"function\": \"runRoute\",\n            \"class\": \"Illuminate\\\\Routing\\\\Router\",\n            \"type\": \"->\"\n        },\n        {\n            \"file\": \"C:\\\\Users\\\\Ungo\\\\Sites\\\\laravel\\\\vendor\\\\laravel\\\\framework\\\\src\\\\Illuminate\\\\Routing\\\\Router.php\",\n            \"line\": 651,\n            \"function\": \"dispatchToRoute\",\n            \"class\": \"Illuminate\\\\Routing\\\\Router\",\n            \"type\": \"->\"\n        },\n        {\n            \"file\": \"C:\\\\Users\\\\Ungo\\\\Sites\\\\laravel\\\\vendor\\\\laravel\\\\framework\\\\src\\\\Illuminate\\\\Foundation\\\\Http\\\\Kernel.php\",\n            \"line\": 167,\n            \"function\": \"dispatch\",\n            \"class\": \"Illuminate\\\\Routing\\\\Router\",\n            \"type\": \"->\"\n        },\n        {\n            \"file\": \"C:\\\\Users\\\\Ungo\\\\Sites\\\\laravel\\\\vendor\\\\laravel\\\\framework\\\\src\\\\Illuminate\\\\Pipeline\\\\Pipeline.php\",\n            \"line\": 128,\n            \"function\": \"Illuminate\\\\Foundation\\\\Http\\\\{closure}\",\n            \"class\": \"Illuminate\\\\Foundation\\\\Http\\\\Kernel\",\n            \"type\": \"->\"\n        },\n        {\n            \"file\": \"C:\\\\Users\\\\Ungo\\\\Sites\\\\laravel\\\\vendor\\\\laravel\\\\framework\\\\src\\\\Illuminate\\\\Foundation\\\\Http\\\\Middleware\\\\TransformsRequest.php\",\n            \"line\": 21,\n            \"function\": \"Illuminate\\\\Pipeline\\\\{closure}\",\n            \"class\": \"Illuminate\\\\Pipeline\\\\Pipeline\",\n            \"type\": \"->\"\n        },\n        {\n            \"file\": \"C:\\\\Users\\\\Ungo\\\\Sites\\\\laravel\\\\vendor\\\\laravel\\\\framework\\\\src\\\\Illuminate\\\\Foundation\\\\Http\\\\Middleware\\\\ConvertEmptyStringsToNull.php\",\n            \"line\": 31,\n            \"function\": \"handle\",\n            \"class\": \"Illuminate\\\\Foundation\\\\Http\\\\Middleware\\\\TransformsRequest\",\n            \"type\": \"->\"\n        },\n        {\n            \"file\": \"C:\\\\Users\\\\Ungo\\\\Sites\\\\laravel\\\\vendor\\\\laravel\\\\framework\\\\src\\\\Illuminate\\\\Pipeline\\\\Pipeline.php\",\n            \"line\": 167,\n            \"function\": \"handle\",\n            \"class\": \"Illuminate\\\\Foundation\\\\Http\\\\Middleware\\\\ConvertEmptyStringsToNull\",\n            \"type\": \"->\"\n        },\n        {\n            \"file\": \"C:\\\\Users\\\\Ungo\\\\Sites\\\\laravel\\\\vendor\\\\laravel\\\\framework\\\\src\\\\Illuminate\\\\Foundation\\\\Http\\\\Middleware\\\\TransformsRequest.php\",\n            \"line\": 21,\n            \"function\": \"Illuminate\\\\Pipeline\\\\{closure}\",\n            \"class\": \"Illuminate\\\\Pipeline\\\\Pipeline\",\n            \"type\": \"->\"\n        },\n        {\n            \"file\": \"C:\\\\Users\\\\Ungo\\\\Sites\\\\laravel\\\\vendor\\\\laravel\\\\framework\\\\src\\\\Illuminate\\\\Foundation\\\\Http\\\\Middleware\\\\TrimStrings.php\",\n            \"line\": 40,\n            \"function\": \"handle\",\n            \"class\": \"Illuminate\\\\Foundation\\\\Http\\\\Middleware\\\\TransformsRequest\",\n            \"type\": \"->\"\n        },\n        {\n            \"file\": \"C:\\\\Users\\\\Ungo\\\\Sites\\\\laravel\\\\vendor\\\\laravel\\\\framework\\\\src\\\\Illuminate\\\\Pipeline\\\\Pipeline.php\",\n            \"line\": 167,\n            \"function\": \"handle\",\n            \"class\": \"Illuminate\\\\Foundation\\\\Http\\\\Middleware\\\\TrimStrings\",\n            \"type\": \"->\"\n        },\n        {\n            \"file\": \"C:\\\\Users\\\\Ungo\\\\Sites\\\\laravel\\\\vendor\\\\laravel\\\\framework\\\\src\\\\Illuminate\\\\Foundation\\\\Http\\\\Middleware\\\\ValidatePostSize.php\",\n            \"line\": 27,\n            \"function\": \"Illuminate\\\\Pipeline\\\\{closure}\",\n            \"class\": \"Illuminate\\\\Pipeline\\\\Pipeline\",\n            \"type\": \"->\"\n        },\n        {\n            \"file\": \"C:\\\\Users\\\\Ungo\\\\Sites\\\\laravel\\\\vendor\\\\laravel\\\\framework\\\\src\\\\Illuminate\\\\Pipeline\\\\Pipeline.php\",\n            \"line\": 167,\n            \"function\": \"handle\",\n            \"class\": \"Illuminate\\\\Foundation\\\\Http\\\\Middleware\\\\ValidatePostSize\",\n            \"type\": \"->\"\n        },\n        {\n            \"file\": \"C:\\\\Users\\\\Ungo\\\\Sites\\\\laravel\\\\vendor\\\\laravel\\\\framework\\\\src\\\\Illuminate\\\\Foundation\\\\Http\\\\Middleware\\\\PreventRequestsDuringMaintenance.php\",\n            \"line\": 86,\n            \"function\": \"Illuminate\\\\Pipeline\\\\{closure}\",\n            \"class\": \"Illuminate\\\\Pipeline\\\\Pipeline\",\n            \"type\": \"->\"\n        },\n        {\n            \"file\": \"C:\\\\Users\\\\Ungo\\\\Sites\\\\laravel\\\\vendor\\\\laravel\\\\framework\\\\src\\\\Illuminate\\\\Pipeline\\\\Pipeline.php\",\n            \"line\": 167,\n            \"function\": \"handle\",\n            \"class\": \"Illuminate\\\\Foundation\\\\Http\\\\Middleware\\\\PreventRequestsDuringMaintenance\",\n            \"type\": \"->\"\n        },\n        {\n            \"file\": \"C:\\\\Users\\\\Ungo\\\\Sites\\\\laravel\\\\vendor\\\\fruitcake\\\\laravel-cors\\\\src\\\\HandleCors.php\",\n            \"line\": 52,\n            \"function\": \"Illuminate\\\\Pipeline\\\\{closure}\",\n            \"class\": \"Illuminate\\\\Pipeline\\\\Pipeline\",\n            \"type\": \"->\"\n        },\n        {\n            \"file\": \"C:\\\\Users\\\\Ungo\\\\Sites\\\\laravel\\\\vendor\\\\laravel\\\\framework\\\\src\\\\Illuminate\\\\Pipeline\\\\Pipeline.php\",\n            \"line\": 167,\n            \"function\": \"handle\",\n            \"class\": \"Fruitcake\\\\Cors\\\\HandleCors\",\n            \"type\": \"->\"\n        },\n        {\n            \"file\": \"C:\\\\Users\\\\Ungo\\\\Sites\\\\laravel\\\\vendor\\\\laravel\\\\framework\\\\src\\\\Illuminate\\\\Http\\\\Middleware\\\\TrustProxies.php\",\n            \"line\": 39,\n            \"function\": \"Illuminate\\\\Pipeline\\\\{closure}\",\n            \"class\": \"Illuminate\\\\Pipeline\\\\Pipeline\",\n            \"type\": \"->\"\n        },\n        {\n            \"file\": \"C:\\\\Users\\\\Ungo\\\\Sites\\\\laravel\\\\vendor\\\\laravel\\\\framework\\\\src\\\\Illuminate\\\\Pipeline\\\\Pipeline.php\",\n            \"line\": 167,\n            \"function\": \"handle\",\n            \"class\": \"Illuminate\\\\Http\\\\Middleware\\\\TrustProxies\",\n            \"type\": \"->\"\n        },\n        {\n            \"file\": \"C:\\\\Users\\\\Ungo\\\\Sites\\\\laravel\\\\vendor\\\\laravel\\\\framework\\\\src\\\\Illuminate\\\\Pipeline\\\\Pipeline.php\",\n            \"line\": 103,\n            \"function\": \"Illuminate\\\\Pipeline\\\\{closure}\",\n            \"class\": \"Illuminate\\\\Pipeline\\\\Pipeline\",\n            \"type\": \"->\"\n        },\n        {\n            \"file\": \"C:\\\\Users\\\\Ungo\\\\Sites\\\\laravel\\\\vendor\\\\laravel\\\\framework\\\\src\\\\Illuminate\\\\Foundation\\\\Http\\\\Kernel.php\",\n            \"line\": 142,\n            \"function\": \"then\",\n            \"class\": \"Illuminate\\\\Pipeline\\\\Pipeline\",\n            \"type\": \"->\"\n        },\n        {\n            \"file\": \"C:\\\\Users\\\\Ungo\\\\Sites\\\\laravel\\\\vendor\\\\laravel\\\\framework\\\\src\\\\Illuminate\\\\Foundation\\\\Http\\\\Kernel.php\",\n            \"line\": 111,\n            \"function\": \"sendRequestThroughRouter\",\n            \"class\": \"Illuminate\\\\Foundation\\\\Http\\\\Kernel\",\n            \"type\": \"->\"\n        },\n        {\n            \"file\": \"C:\\\\Users\\\\Ungo\\\\Sites\\\\laravel\\\\vendor\\\\knuckleswtf\\\\scribe\\\\src\\\\Extracting\\\\Strategies\\\\Responses\\\\ResponseCalls.php\",\n            \"line\": 299,\n            \"function\": \"handle\",\n            \"class\": \"Illuminate\\\\Foundation\\\\Http\\\\Kernel\",\n            \"type\": \"->\"\n        },\n        {\n            \"file\": \"C:\\\\Users\\\\Ungo\\\\Sites\\\\laravel\\\\vendor\\\\knuckleswtf\\\\scribe\\\\src\\\\Extracting\\\\Strategies\\\\Responses\\\\ResponseCalls.php\",\n            \"line\": 287,\n            \"function\": \"callLaravelOrLumenRoute\",\n            \"class\": \"Knuckles\\\\Scribe\\\\Extracting\\\\Strategies\\\\Responses\\\\ResponseCalls\",\n            \"type\": \"->\"\n        },\n        {\n            \"file\": \"C:\\\\Users\\\\Ungo\\\\Sites\\\\laravel\\\\vendor\\\\knuckleswtf\\\\scribe\\\\src\\\\Extracting\\\\Strategies\\\\Responses\\\\ResponseCalls.php\",\n            \"line\": 89,\n            \"function\": \"makeApiCall\",\n            \"class\": \"Knuckles\\\\Scribe\\\\Extracting\\\\Strategies\\\\Responses\\\\ResponseCalls\",\n            \"type\": \"->\"\n        },\n        {\n            \"file\": \"C:\\\\Users\\\\Ungo\\\\Sites\\\\laravel\\\\vendor\\\\knuckleswtf\\\\scribe\\\\src\\\\Extracting\\\\Strategies\\\\Responses\\\\ResponseCalls.php\",\n            \"line\": 45,\n            \"function\": \"makeResponseCall\",\n            \"class\": \"Knuckles\\\\Scribe\\\\Extracting\\\\Strategies\\\\Responses\\\\ResponseCalls\",\n            \"type\": \"->\"\n        },\n        {\n            \"file\": \"C:\\\\Users\\\\Ungo\\\\Sites\\\\laravel\\\\vendor\\\\knuckleswtf\\\\scribe\\\\src\\\\Extracting\\\\Strategies\\\\Responses\\\\ResponseCalls.php\",\n            \"line\": 35,\n            \"function\": \"makeResponseCallIfConditionsPass\",\n            \"class\": \"Knuckles\\\\Scribe\\\\Extracting\\\\Strategies\\\\Responses\\\\ResponseCalls\",\n            \"type\": \"->\"\n        },\n        {\n            \"file\": \"C:\\\\Users\\\\Ungo\\\\Sites\\\\laravel\\\\vendor\\\\knuckleswtf\\\\scribe\\\\src\\\\Extracting\\\\Extractor.php\",\n            \"line\": 222,\n            \"function\": \"__invoke\",\n            \"class\": \"Knuckles\\\\Scribe\\\\Extracting\\\\Strategies\\\\Responses\\\\ResponseCalls\",\n            \"type\": \"->\"\n        },\n        {\n            \"file\": \"C:\\\\Users\\\\Ungo\\\\Sites\\\\laravel\\\\vendor\\\\knuckleswtf\\\\scribe\\\\src\\\\Extracting\\\\Extractor.php\",\n            \"line\": 179,\n            \"function\": \"iterateThroughStrategies\",\n            \"class\": \"Knuckles\\\\Scribe\\\\Extracting\\\\Extractor\",\n            \"type\": \"->\"\n        },\n        {\n            \"file\": \"C:\\\\Users\\\\Ungo\\\\Sites\\\\laravel\\\\vendor\\\\knuckleswtf\\\\scribe\\\\src\\\\Extracting\\\\Extractor.php\",\n            \"line\": 116,\n            \"function\": \"fetchResponses\",\n            \"class\": \"Knuckles\\\\Scribe\\\\Extracting\\\\Extractor\",\n            \"type\": \"->\"\n        },\n        {\n            \"file\": \"C:\\\\Users\\\\Ungo\\\\Sites\\\\laravel\\\\vendor\\\\knuckleswtf\\\\scribe\\\\src\\\\GroupedEndpoints\\\\GroupedEndpointsFromApp.php\",\n            \"line\": 117,\n            \"function\": \"processRoute\",\n            \"class\": \"Knuckles\\\\Scribe\\\\Extracting\\\\Extractor\",\n            \"type\": \"->\"\n        },\n        {\n            \"file\": \"C:\\\\Users\\\\Ungo\\\\Sites\\\\laravel\\\\vendor\\\\knuckleswtf\\\\scribe\\\\src\\\\GroupedEndpoints\\\\GroupedEndpointsFromApp.php\",\n            \"line\": 75,\n            \"function\": \"extractEndpointsInfoFromLaravelApp\",\n            \"class\": \"Knuckles\\\\Scribe\\\\GroupedEndpoints\\\\GroupedEndpointsFromApp\",\n            \"type\": \"->\"\n        },\n        {\n            \"file\": \"C:\\\\Users\\\\Ungo\\\\Sites\\\\laravel\\\\vendor\\\\knuckleswtf\\\\scribe\\\\src\\\\GroupedEndpoints\\\\GroupedEndpointsFromApp.php\",\n            \"line\": 51,\n            \"function\": \"extractEndpointsInfoAndWriteToDisk\",\n            \"class\": \"Knuckles\\\\Scribe\\\\GroupedEndpoints\\\\GroupedEndpointsFromApp\",\n            \"type\": \"->\"\n        },\n        {\n            \"file\": \"C:\\\\Users\\\\Ungo\\\\Sites\\\\laravel\\\\vendor\\\\knuckleswtf\\\\scribe\\\\src\\\\Commands\\\\GenerateDocumentation.php\",\n            \"line\": 48,\n            \"function\": \"get\",\n            \"class\": \"Knuckles\\\\Scribe\\\\GroupedEndpoints\\\\GroupedEndpointsFromApp\",\n            \"type\": \"->\"\n        },\n        {\n            \"file\": \"C:\\\\Users\\\\Ungo\\\\Sites\\\\laravel\\\\vendor\\\\laravel\\\\framework\\\\src\\\\Illuminate\\\\Container\\\\BoundMethod.php\",\n            \"line\": 36,\n            \"function\": \"handle\",\n            \"class\": \"Knuckles\\\\Scribe\\\\Commands\\\\GenerateDocumentation\",\n            \"type\": \"->\"\n        },\n        {\n            \"file\": \"C:\\\\Users\\\\Ungo\\\\Sites\\\\laravel\\\\vendor\\\\laravel\\\\framework\\\\src\\\\Illuminate\\\\Container\\\\Util.php\",\n            \"line\": 40,\n            \"function\": \"Illuminate\\\\Container\\\\{closure}\",\n            \"class\": \"Illuminate\\\\Container\\\\BoundMethod\",\n            \"type\": \"::\"\n        },\n        {\n            \"file\": \"C:\\\\Users\\\\Ungo\\\\Sites\\\\laravel\\\\vendor\\\\laravel\\\\framework\\\\src\\\\Illuminate\\\\Container\\\\BoundMethod.php\",\n            \"line\": 93,\n            \"function\": \"unwrapIfClosure\",\n            \"class\": \"Illuminate\\\\Container\\\\Util\",\n            \"type\": \"::\"\n        },\n        {\n            \"file\": \"C:\\\\Users\\\\Ungo\\\\Sites\\\\laravel\\\\vendor\\\\laravel\\\\framework\\\\src\\\\Illuminate\\\\Container\\\\BoundMethod.php\",\n            \"line\": 37,\n            \"function\": \"callBoundMethod\",\n            \"class\": \"Illuminate\\\\Container\\\\BoundMethod\",\n            \"type\": \"::\"\n        },\n        {\n            \"file\": \"C:\\\\Users\\\\Ungo\\\\Sites\\\\laravel\\\\vendor\\\\laravel\\\\framework\\\\src\\\\Illuminate\\\\Container\\\\Container.php\",\n            \"line\": 653,\n            \"function\": \"call\",\n            \"class\": \"Illuminate\\\\Container\\\\BoundMethod\",\n            \"type\": \"::\"\n        },\n        {\n            \"file\": \"C:\\\\Users\\\\Ungo\\\\Sites\\\\laravel\\\\vendor\\\\laravel\\\\framework\\\\src\\\\Illuminate\\\\Console\\\\Command.php\",\n            \"line\": 136,\n            \"function\": \"call\",\n            \"class\": \"Illuminate\\\\Container\\\\Container\",\n            \"type\": \"->\"\n        },\n        {\n            \"file\": \"C:\\\\Users\\\\Ungo\\\\Sites\\\\laravel\\\\vendor\\\\symfony\\\\console\\\\Command\\\\Command.php\",\n            \"line\": 298,\n            \"function\": \"execute\",\n            \"class\": \"Illuminate\\\\Console\\\\Command\",\n            \"type\": \"->\"\n        },\n        {\n            \"file\": \"C:\\\\Users\\\\Ungo\\\\Sites\\\\laravel\\\\vendor\\\\laravel\\\\framework\\\\src\\\\Illuminate\\\\Console\\\\Command.php\",\n            \"line\": 121,\n            \"function\": \"run\",\n            \"class\": \"Symfony\\\\Component\\\\Console\\\\Command\\\\Command\",\n            \"type\": \"->\"\n        },\n        {\n            \"file\": \"C:\\\\Users\\\\Ungo\\\\Sites\\\\laravel\\\\vendor\\\\symfony\\\\console\\\\Application.php\",\n            \"line\": 1015,\n            \"function\": \"run\",\n            \"class\": \"Illuminate\\\\Console\\\\Command\",\n            \"type\": \"->\"\n        },\n        {\n            \"file\": \"C:\\\\Users\\\\Ungo\\\\Sites\\\\laravel\\\\vendor\\\\symfony\\\\console\\\\Application.php\",\n            \"line\": 299,\n            \"function\": \"doRunCommand\",\n            \"class\": \"Symfony\\\\Component\\\\Console\\\\Application\",\n            \"type\": \"->\"\n        },\n        {\n            \"file\": \"C:\\\\Users\\\\Ungo\\\\Sites\\\\laravel\\\\vendor\\\\symfony\\\\console\\\\Application.php\",\n            \"line\": 171,\n            \"function\": \"doRun\",\n            \"class\": \"Symfony\\\\Component\\\\Console\\\\Application\",\n            \"type\": \"->\"\n        },\n        {\n            \"file\": \"C:\\\\Users\\\\Ungo\\\\Sites\\\\laravel\\\\vendor\\\\laravel\\\\framework\\\\src\\\\Illuminate\\\\Console\\\\Application.php\",\n            \"line\": 94,\n            \"function\": \"run\",\n            \"class\": \"Symfony\\\\Component\\\\Console\\\\Application\",\n            \"type\": \"->\"\n        },\n        {\n            \"file\": \"C:\\\\Users\\\\Ungo\\\\Sites\\\\laravel\\\\vendor\\\\laravel\\\\framework\\\\src\\\\Illuminate\\\\Foundation\\\\Console\\\\Kernel.php\",\n            \"line\": 129,\n            \"function\": \"run\",\n            \"class\": \"Illuminate\\\\Console\\\\Application\",\n            \"type\": \"->\"\n        },\n        {\n            \"file\": \"C:\\\\Users\\\\Ungo\\\\Sites\\\\laravel\\\\artisan\",\n            \"line\": 37,\n            \"function\": \"handle\",\n            \"class\": \"Illuminate\\\\Foundation\\\\Console\\\\Kernel\",\n            \"type\": \"->\"\n        }\n    ]\n}",
                            "name": ""
                        }
                    ]
                }
            ]
        }
    ],
    "auth": {
        "type": "noauth"
    }
}